{"cameraMode":{"drawMode":0,"name":"Shaded","section":"Shading Mode"},"sceneLighting":true,"audioPlay":false,"sceneViewState":{"showFog":true,"showMaterialUpdate":false,"showSkybox":true,"showFlares":true,"showImageEffects":true,"showParticleSystems":true},"in2DMode":false,"pivot":{"x":1.0903691053390504,"y":5.0599493980407719,"z":9.095789909362793},"rotation":{"x":0.19662600755691529,"y":0.44130271673202517,"z":-0.09975482523441315,"w":0.8698514103889465},"size":10.0,"orthographic":false}